timestamp,session_id,total_games,games_won,games_lost,win_rate_percent,max_score,max_tile,total_moves,avg_moves_per_game,avg_ai_latency,avg_game_time,total_ai_suggestions,games_2,games_8,games_32,games_128,games_512,games_1024,games_2048,command_args
2025-09-02 22:02:20,20250902_220220_batch1,5,5,0,100.0,21020,2048,4858,971.6,0.07,68.19,4858,0,0,0,0,0,0,5,"batch=1, games_in_batch=5"
2025-09-02 22:03:35,20250902_220335_batch2,5,5,0,100.0,20800,2048,4844,968.8,0.074,71.41,4844,0,0,0,0,0,0,5,"batch=2, games_in_batch=5"
2025-09-02 22:04:47,20250902_220447_batch3,5,5,0,100.0,20244,2048,4741,948.2,0.069,65.39,4741,0,0,0,0,0,0,5,"batch=3, games_in_batch=5"
2025-09-02 22:05:57,20250902_220557_batch4,5,4,1,80.0,20644,2048,4756,951.2,0.068,64.98,4756,0,0,0,0,0,1,4,"batch=4, games_in_batch=5"
2025-09-02 22:07:05,20250902_220705_batch5,5,5,0,100.0,20240,2048,4749,949.8,0.067,64.13,4749,0,0,0,0,0,0,5,"batch=5, games_in_batch=5"
2025-09-02 22:08:13,20250902_220813_batch6,5,4,1,80.0,20568,2048,4295,859.0,0.069,59.06,4295,0,0,0,0,1,0,4,"batch=6, games_in_batch=5"
2025-09-02 22:09:22,20250902_220922_batch7,5,5,0,100.0,20228,2048,4733,946.6,0.068,64.28,4733,0,0,0,0,0,0,5,"batch=7, games_in_batch=5"
2025-09-02 22:10:35,20250902_221035_batch8,5,4,1,80.0,21064,2048,4947,989.4,0.067,66.6,4947,0,0,0,0,0,1,4,"batch=8, games_in_batch=5"
2025-09-02 22:11:45,20250902_221145_batch9,5,5,0,100.0,21016,2048,4856,971.2,0.065,63.1,4856,0,0,0,0,0,0,5,"batch=9, games_in_batch=5"
2025-09-02 22:12:56,20250902_221256_batch10,5,5,0,100.0,20556,2048,4750,950.0,0.07,66.1,4750,0,0,0,0,0,0,5,"batch=10, games_in_batch=5"
2025-09-02 22:14:06,20250902_221406_batch11,5,5,0,100.0,21088,2048,4837,967.4,0.068,65.73,4837,0,0,0,0,0,0,5,"batch=11, games_in_batch=5"
2025-09-02 22:15:16,20250902_221516_batch12,5,5,0,100.0,20520,2048,4763,952.6,0.069,65.42,4763,0,0,0,0,0,0,5,"batch=12, games_in_batch=5"
2025-09-02 22:16:27,20250902_221627_batch13,5,5,0,100.0,20236,2048,4738,947.6,0.07,65.93,4738,0,0,0,0,0,0,5,"batch=13, games_in_batch=5"
2025-09-02 22:17:35,20250902_221735_batch14,5,3,2,60.0,20628,2048,3773,754.6,0.071,53.5,3773,0,0,0,0,2,0,3,"batch=14, games_in_batch=5"
2025-09-02 22:18:43,20250902_221843_batch15,5,5,0,100.0,20200,2048,4717,943.4,0.067,63.02,4717,0,0,0,0,0,0,5,"batch=15, games_in_batch=5"
2025-09-02 22:19:55,20250902_221955_batch16,5,5,0,100.0,20912,2048,4789,957.8,0.068,65.1,4789,0,0,0,0,0,0,5,"batch=16, games_in_batch=5"
2025-09-02 22:21:05,20250902_222105_batch17,5,5,0,100.0,20668,2048,4737,947.4,0.068,64.82,4737,0,0,0,0,0,0,5,"batch=17, games_in_batch=5"
2025-09-02 22:22:13,20250902_222213_batch18,5,4,1,80.0,20228,2048,4476,895.2,0.069,61.68,4476,0,0,0,0,0,1,4,"batch=18, games_in_batch=5"
2025-09-02 22:23:26,20250902_222326_batch19,5,5,0,100.0,20688,2048,4828,965.6,0.069,66.29,4828,0,0,0,0,0,0,5,"batch=19, games_in_batch=5"
2025-09-02 22:24:42,20250902_222442_batch20,5,5,0,100.0,20300,2048,4730,946.0,0.071,67.53,4730,0,0,0,0,0,0,5,"batch=20, games_in_batch=5"
2025-09-02 22:25:54,20250902_222554_batch21,5,5,0,100.0,21272,2048,4829,965.8,0.066,63.88,4829,0,0,0,0,0,0,5,"batch=21, games_in_batch=5"
2025-09-02 22:27:08,20250902_222708_batch22,5,4,1,80.0,20896,2048,4353,870.6,0.071,62.27,4353,0,0,0,0,1,0,4,"batch=22, games_in_batch=5"
2025-09-02 22:28:25,20250902_222825_batch23,5,4,1,80.0,20692,2048,4268,853.6,0.074,63.56,4268,0,0,0,0,1,0,4,"batch=23, games_in_batch=5"
2025-09-02 22:29:36,20250902_222936_batch24,5,5,0,100.0,20784,2048,4956,991.2,0.066,65.09,4956,0,0,0,0,0,0,5,"batch=24, games_in_batch=5"
2025-09-02 22:30:49,20250902_223049_batch25,5,5,0,100.0,20760,2048,4834,966.8,0.07,67.59,4834,0,0,0,0,0,0,5,"batch=25, games_in_batch=5"
2025-09-02 22:32:05,20250902_223205_batch26,5,5,0,100.0,21012,2048,4865,973.0,0.072,69.84,4865,0,0,0,0,0,0,5,"batch=26, games_in_batch=5"
2025-09-02 22:33:17,20250902_223317_batch27,5,5,0,100.0,20236,2048,4711,942.2,0.071,66.67,4711,0,0,0,0,0,0,5,"batch=27, games_in_batch=5"
2025-09-02 22:34:27,20250902_223427_batch28,5,5,0,100.0,20264,2048,4748,949.6,0.069,65.43,4748,0,0,0,0,0,0,5,"batch=28, games_in_batch=5"
2025-09-02 22:35:37,20250902_223537_batch29,5,5,0,100.0,20632,2048,4749,949.8,0.069,65.63,4749,0,0,0,0,0,0,5,"batch=29, games_in_batch=5"
2025-09-02 22:36:47,20250902_223647_batch30,5,5,0,100.0,20600,2048,4784,956.8,0.068,64.81,4784,0,0,0,0,0,0,5,"batch=30, games_in_batch=5"
2025-09-02 22:37:58,20250902_223758_batch31,5,5,0,100.0,20492,2048,4744,948.8,0.066,62.3,4744,0,0,0,0,0,0,5,"batch=31, games_in_batch=5"
2025-09-02 22:39:11,20250902_223911_batch32,5,4,1,80.0,20608,2048,4784,956.8,0.071,68.13,4784,0,0,0,0,0,1,4,"batch=32, games_in_batch=5"
2025-09-02 22:40:22,20250902_224022_batch33,5,5,0,100.0,20208,2048,4724,944.8,0.071,67.51,4724,0,0,0,0,0,0,5,"batch=33, games_in_batch=5"
2025-09-02 22:41:33,20250902_224133_batch34,5,5,0,100.0,20236,2048,4727,945.4,0.07,65.83,4727,0,0,0,0,0,0,5,"batch=34, games_in_batch=5"
2025-09-02 22:42:41,20250902_224241_batch35,5,4,1,80.0,21936,2048,5095,1019.0,0.064,64.79,5095,0,0,0,0,0,1,4,"batch=35, games_in_batch=5"
2025-09-02 22:43:50,20250902_224350_batch36,5,5,0,100.0,20188,2048,4672,934.4,0.068,63.78,4672,0,0,0,0,0,0,5,"batch=36, games_in_batch=5"
2025-09-02 22:45:07,20250902_224507_batch37,5,5,0,100.0,20220,2048,4765,953.0,0.07,66.74,4765,0,0,0,0,0,0,5,"batch=37, games_in_batch=5"
2025-09-02 22:46:14,20250902_224614_batch38,5,5,0,100.0,21236,2048,4902,980.4,0.065,64.03,4902,0,0,0,0,0,0,5,"batch=38, games_in_batch=5"
2025-09-02 22:47:22,20250902_224722_batch39,5,4,1,80.0,20196,2048,4733,946.6,0.068,63.93,4733,0,0,0,0,0,1,4,"batch=39, games_in_batch=5"
2025-09-02 22:48:28,20250902_224828_batch40,5,4,1,80.0,20328,2048,4745,949.0,0.066,63.01,4745,0,0,0,0,0,1,4,"batch=40, games_in_batch=5"
2025-09-02 22:49:41,20250902_224941_batch41,5,4,1,80.0,21036,2048,4906,981.2,0.069,67.35,4906,0,0,0,0,0,1,4,"batch=41, games_in_batch=5"
2025-09-02 22:50:49,20250902_225049_batch42,5,5,0,100.0,20600,2048,4814,962.8,0.067,64.92,4814,0,0,0,0,0,0,5,"batch=42, games_in_batch=5"
2025-09-02 22:51:59,20250902_225159_batch43,5,5,0,100.0,21336,2048,4889,977.8,0.066,64.73,4889,0,0,0,0,0,0,5,"batch=43, games_in_batch=5"
2025-09-02 22:53:08,20250902_225308_batch44,5,4,1,80.0,20796,2048,4920,984.0,0.064,62.76,4920,0,0,0,0,0,1,4,"batch=44, games_in_batch=5"
2025-09-02 22:54:22,20250902_225422_batch45,5,5,0,100.0,20212,2048,4759,951.8,0.073,69.44,4759,0,0,0,0,0,0,5,"batch=45, games_in_batch=5"
2025-09-02 22:55:34,20250902_225534_batch46,5,5,0,100.0,20596,2048,4807,961.4,0.066,63.8,4807,0,0,0,0,0,0,5,"batch=46, games_in_batch=5"
2025-09-02 22:56:44,20250902_225644_batch47,5,5,0,100.0,20856,2048,4835,967.0,0.068,65.99,4835,0,0,0,0,0,0,5,"batch=47, games_in_batch=5"
2025-09-02 22:57:54,20250902_225754_batch48,5,5,0,100.0,20320,2048,4758,951.6,0.068,64.56,4758,0,0,0,0,0,0,5,"batch=48, games_in_batch=5"
2025-09-02 22:59:04,20250902_225904_batch49,5,5,0,100.0,20632,2048,4806,961.2,0.068,65.19,4806,0,0,0,0,0,0,5,"batch=49, games_in_batch=5"
2025-09-02 23:00:17,20250902_230017_batch50,5,5,0,100.0,20212,2048,4740,948.0,0.07,66.05,4740,0,0,0,0,0,0,5,"batch=50, games_in_batch=5"
2025-09-02 23:01:26,20250902_230126_batch51,5,3,2,60.0,21024,2048,4898,979.6,0.065,63.6,4898,0,0,0,0,0,2,3,"batch=51, games_in_batch=5"
2025-09-02 23:02:39,20250902_230239_batch52,5,5,0,100.0,20212,2048,4723,944.6,0.068,64.35,4723,0,0,0,0,0,0,5,"batch=52, games_in_batch=5"
2025-09-02 23:03:45,20250902_230345_batch53,5,4,1,80.0,20236,2048,4486,897.2,0.065,58.78,4486,0,0,0,0,0,1,4,"batch=53, games_in_batch=5"
2025-09-02 23:04:56,20250902_230456_batch54,5,5,0,100.0,20480,2048,4753,950.6,0.07,66.83,4753,0,0,0,0,0,0,5,"batch=54, games_in_batch=5"
2025-09-02 23:06:08,20250902_230608_batch55,5,4,1,80.0,20360,2048,4609,921.8,0.071,65.83,4609,0,0,0,0,0,1,4,"batch=55, games_in_batch=5"
2025-09-02 23:07:21,20250902_230721_batch56,5,5,0,100.0,20804,2048,4804,960.8,0.072,69.64,4804,0,0,0,0,0,0,5,"batch=56, games_in_batch=5"
2025-09-02 23:08:34,20250902_230834_batch57,5,5,0,100.0,21040,2048,4860,972.0,0.068,66.34,4860,0,0,0,0,0,0,5,"batch=57, games_in_batch=5"
2025-09-02 23:09:53,20250902_230953_batch58,5,5,0,100.0,20236,2048,4741,948.2,0.074,70.2,4741,0,0,0,0,0,0,5,"batch=58, games_in_batch=5"
2025-09-02 23:11:02,20250902_231102_batch59,5,5,0,100.0,20472,2048,4768,953.6,0.07,66.59,4768,0,0,0,0,0,0,5,"batch=59, games_in_batch=5"
2025-09-02 23:12:13,20250902_231213_batch60,5,4,1,80.0,20304,2048,4764,952.8,0.07,66.42,4764,0,0,0,0,0,1,4,"batch=60, games_in_batch=5"
2025-09-02 23:13:24,20250902_231324_batch61,5,5,0,100.0,20320,2048,4757,951.4,0.071,67.4,4757,0,0,0,0,0,0,5,"batch=61, games_in_batch=5"
2025-09-02 23:14:33,20250902_231433_batch62,5,5,0,100.0,20800,2048,4810,962.0,0.067,64.4,4810,0,0,0,0,0,0,5,"batch=62, games_in_batch=5"
2025-09-02 23:15:42,20250902_231542_batch63,5,5,0,100.0,20944,2048,4753,950.6,0.066,62.6,4753,0,0,0,0,0,0,5,"batch=63, games_in_batch=5"
2025-09-02 23:16:56,20250902_231656_batch64,5,4,1,80.0,20416,2048,4582,916.4,0.072,66.05,4582,0,0,0,0,0,1,4,"batch=64, games_in_batch=5"
2025-09-02 23:18:06,20250902_231806_batch65,5,5,0,100.0,20632,2048,4903,980.6,0.066,64.94,4903,0,0,0,0,0,0,5,"batch=65, games_in_batch=5"
2025-09-02 23:19:15,20250902_231915_batch66,5,4,1,80.0,20652,2048,4781,956.2,0.065,62.6,4781,0,0,0,0,0,1,4,"batch=66, games_in_batch=5"
2025-09-02 23:20:25,20250902_232025_batch67,5,5,0,100.0,20552,2048,4834,966.8,0.066,63.87,4834,0,0,0,0,0,0,5,"batch=67, games_in_batch=5"
2025-09-02 23:21:32,20250902_232132_batch68,5,5,0,100.0,20628,2048,4843,968.6,0.066,63.75,4843,0,0,0,0,0,0,5,"batch=68, games_in_batch=5"
2025-09-02 23:22:45,20250902_232245_batch69,5,4,1,80.0,20232,2048,4846,969.2,0.073,70.89,4846,0,0,0,0,0,1,4,"batch=69, games_in_batch=5"
2025-09-02 23:23:59,20250902_232359_batch70,5,5,0,100.0,20308,2048,4819,963.8,0.072,69.71,4819,0,0,0,0,0,0,5,"batch=70, games_in_batch=5"
2025-09-02 23:25:12,20250902_232512_batch71,5,5,0,100.0,20688,2048,4780,956.0,0.072,68.87,4780,0,0,0,0,0,0,5,"batch=71, games_in_batch=5"
2025-09-02 23:26:24,20250902_232624_batch72,5,5,0,100.0,20760,2048,4837,967.4,0.069,66.72,4837,0,0,0,0,0,0,5,"batch=72, games_in_batch=5"
2025-09-02 23:27:38,20250902_232738_batch73,5,5,0,100.0,21080,2048,4905,981.0,0.071,69.81,4905,0,0,0,0,0,0,5,"batch=73, games_in_batch=5"
2025-09-02 23:28:52,20250902_232852_batch74,5,5,0,100.0,20368,2048,4732,946.4,0.073,69.32,4732,0,0,0,0,0,0,5,"batch=74, games_in_batch=5"
2025-09-02 23:30:02,20250902_233002_batch75,5,5,0,100.0,20996,2048,4798,959.6,0.07,67.12,4798,0,0,0,0,0,0,5,"batch=75, games_in_batch=5"
2025-09-02 23:31:14,20250902_233114_batch76,5,4,1,80.0,20572,2048,4773,954.6,0.068,65.41,4773,0,0,0,0,0,1,4,"batch=76, games_in_batch=5"
2025-09-02 23:32:28,20250902_233228_batch77,5,5,0,100.0,20740,2048,4805,961.0,0.071,68.64,4805,0,0,0,0,0,0,5,"batch=77, games_in_batch=5"
2025-09-02 23:33:47,20250902_233347_batch78,5,5,0,100.0,20188,2048,4706,941.2,0.079,74.7,4706,0,0,0,0,0,0,5,"batch=78, games_in_batch=5"
2025-09-02 23:34:58,20250902_233458_batch79,5,5,0,100.0,20748,2048,4741,948.2,0.067,63.66,4741,0,0,0,0,0,0,5,"batch=79, games_in_batch=5"
2025-09-02 23:36:08,20250902_233608_batch80,5,5,0,100.0,20532,2048,4798,959.6,0.066,63.62,4798,0,0,0,0,0,0,5,"batch=80, games_in_batch=5"
2025-09-02 23:37:18,20250902_233718_batch81,5,5,0,100.0,20172,2048,4690,938.0,0.069,64.93,4690,0,0,0,0,0,0,5,"batch=81, games_in_batch=5"
2025-09-02 23:38:32,20250902_233832_batch82,5,5,0,100.0,20216,2048,4733,946.6,0.071,67.0,4733,0,0,0,0,0,0,5,"batch=82, games_in_batch=5"
2025-09-02 23:39:42,20250902_233942_batch83,5,5,0,100.0,20204,2048,4734,946.8,0.068,64.45,4734,0,0,0,0,0,0,5,"batch=83, games_in_batch=5"
2025-09-02 23:40:53,20250902_234053_batch84,5,5,0,100.0,20436,2048,4767,953.4,0.067,64.3,4767,0,0,0,0,0,0,5,"batch=84, games_in_batch=5"
2025-09-02 23:42:07,20250902_234207_batch85,5,4,1,80.0,21424,2048,4853,970.6,0.07,67.78,4853,0,0,0,0,0,1,4,"batch=85, games_in_batch=5"
2025-09-02 23:43:21,20250902_234321_batch86,5,5,0,100.0,20984,2048,4838,967.6,0.069,66.87,4838,0,0,0,0,0,0,5,"batch=86, games_in_batch=5"
2025-09-02 23:44:38,20250902_234438_batch87,5,5,0,100.0,21220,2048,4853,970.6,0.073,70.8,4853,0,0,0,0,0,0,5,"batch=87, games_in_batch=5"
2025-09-02 23:45:54,20250902_234554_batch88,5,4,1,80.0,20916,2048,4884,976.8,0.072,70.52,4884,0,0,0,0,0,1,4,"batch=88, games_in_batch=5"
2025-09-02 23:47:11,20250902_234711_batch89,5,5,0,100.0,21856,2048,4933,986.6,0.067,65.84,4933,0,0,0,0,0,0,5,"batch=89, games_in_batch=5"
2025-09-02 23:48:22,20250902_234822_batch90,5,4,1,80.0,21040,2048,4929,985.8,0.067,65.78,4929,0,0,0,0,0,1,4,"batch=90, games_in_batch=5"
2025-09-02 23:49:34,20250902_234934_batch91,5,5,0,100.0,20900,2048,4848,969.6,0.069,67.12,4848,0,0,0,0,0,0,5,"batch=91, games_in_batch=5"
2025-09-02 23:50:44,20250902_235044_batch92,5,5,0,100.0,20152,2048,4704,940.8,0.07,65.63,4704,0,0,0,0,0,0,5,"batch=92, games_in_batch=5"
2025-09-02 23:51:58,20250902_235158_batch93,5,5,0,100.0,20928,2048,4825,965.0,0.073,70.6,4825,0,0,0,0,0,0,5,"batch=93, games_in_batch=5"
2025-09-02 23:53:10,20250902_235310_batch94,5,5,0,100.0,20620,2048,4864,972.8,0.068,66.45,4864,0,0,0,0,0,0,5,"batch=94, games_in_batch=5"
2025-09-02 23:54:19,20250902_235419_batch95,5,4,1,80.0,20188,2048,4683,936.6,0.067,62.62,4683,0,0,0,0,0,1,4,"batch=95, games_in_batch=5"
2025-09-02 23:55:30,20250902_235530_batch96,5,5,0,100.0,20708,2048,4789,957.8,0.07,67.4,4789,0,0,0,0,0,0,5,"batch=96, games_in_batch=5"
2025-09-02 23:56:43,20250902_235643_batch97,5,5,0,100.0,21188,2048,4835,967.0,0.066,64.2,4835,0,0,0,0,0,0,5,"batch=97, games_in_batch=5"
2025-09-02 23:57:53,20250902_235753_batch98,5,5,0,100.0,20756,2048,4879,975.8,0.071,68.85,4879,0,0,0,0,0,0,5,"batch=98, games_in_batch=5"
2025-09-02 23:59:03,20250902_235903_batch99,5,5,0,100.0,20224,2048,4723,944.6,0.071,67.11,4723,0,0,0,0,0,0,5,"batch=99, games_in_batch=5"
2025-09-03 00:00:20,20250903_000020_batch100,5,4,1,80.0,20492,2048,4708,941.6,0.074,69.67,4708,0,0,0,0,0,1,4,"batch=100, games_in_batch=5"
2025-09-03 00:01:32,20250903_000132_batch101,5,5,0,100.0,20552,2048,4814,962.8,0.072,69.03,4814,0,0,0,0,0,0,5,"batch=101, games_in_batch=5"
2025-09-03 00:02:48,20250903_000248_batch102,5,5,0,100.0,20560,2048,4774,954.8,0.071,68.03,4774,0,0,0,0,0,0,5,"batch=102, games_in_batch=5"
2025-09-03 00:04:03,20250903_000403_batch103,5,5,0,100.0,21000,2048,4850,970.0,0.07,68.18,4850,0,0,0,0,0,0,5,"batch=103, games_in_batch=5"
2025-09-03 00:05:16,20250903_000516_batch104,5,5,0,100.0,20240,2048,4757,951.4,0.073,69.75,4757,0,0,0,0,0,0,5,"batch=104, games_in_batch=5"
2025-09-03 00:06:31,20250903_000631_batch105,5,5,0,100.0,21228,2048,4842,968.4,0.073,70.31,4842,0,0,0,0,0,0,5,"batch=105, games_in_batch=5"
2025-09-03 00:07:43,20250903_000743_batch106,5,5,0,100.0,20216,2048,4742,948.4,0.072,68.01,4742,0,0,0,0,0,0,5,"batch=106, games_in_batch=5"
2025-09-03 00:08:57,20250903_000857_batch107,5,5,0,100.0,20708,2048,4874,974.8,0.069,67.68,4874,0,0,0,0,0,0,5,"batch=107, games_in_batch=5"
2025-09-03 00:10:11,20250903_001011_batch108,5,5,0,100.0,20312,2048,4714,942.8,0.073,69.08,4714,0,0,0,0,0,0,5,"batch=108, games_in_batch=5"
2025-09-03 00:11:24,20250903_001124_batch109,5,5,0,100.0,22500,2048,4982,996.4,0.068,67.37,4982,0,0,0,0,0,0,5,"batch=109, games_in_batch=5"
2025-09-03 00:12:37,20250903_001237_batch110,5,5,0,100.0,20940,2048,4836,967.2,0.069,66.9,4836,0,0,0,0,0,0,5,"batch=110, games_in_batch=5"
2025-09-03 00:13:50,20250903_001350_batch111,5,5,0,100.0,20204,2048,4736,947.2,0.07,66.34,4736,0,0,0,0,0,0,5,"batch=111, games_in_batch=5"
2025-09-03 00:15:02,20250903_001502_batch112,5,5,0,100.0,20588,2048,4744,948.8,0.07,66.67,4744,0,0,0,0,0,0,5,"batch=112, games_in_batch=5"
2025-09-03 00:16:13,20250903_001613_batch113,5,4,1,80.0,21012,2048,4887,977.4,0.068,66.76,4887,0,0,0,0,0,1,4,"batch=113, games_in_batch=5"
2025-09-03 00:17:24,20250903_001724_batch114,5,4,1,80.0,20256,2048,4319,863.8,0.073,63.47,4319,0,0,0,0,1,0,4,"batch=114, games_in_batch=5"
2025-09-03 00:18:36,20250903_001836_batch115,5,5,0,100.0,20252,2048,4736,947.2,0.07,66.61,4736,0,0,0,0,0,0,5,"batch=115, games_in_batch=5"
2025-09-03 00:19:49,20250903_001949_batch116,5,5,0,100.0,20536,2048,4795,959.0,0.07,67.36,4795,0,0,0,0,0,0,5,"batch=116, games_in_batch=5"
2025-09-03 00:21:00,20250903_002100_batch117,5,4,1,80.0,20516,2048,4727,945.4,0.071,67.16,4727,0,0,0,0,0,1,4,"batch=117, games_in_batch=5"
2025-09-03 00:22:11,20250903_002211_batch118,5,5,0,100.0,20864,2048,4732,946.4,0.069,65.09,4732,0,0,0,0,0,0,5,"batch=118, games_in_batch=5"
2025-09-03 00:23:23,20250903_002323_batch119,5,5,0,100.0,20576,2048,4754,950.8,0.07,66.79,4754,0,0,0,0,0,0,5,"batch=119, games_in_batch=5"
2025-09-03 00:24:37,20250903_002437_batch120,5,5,0,100.0,20280,2048,4751,950.2,0.071,67.52,4751,0,0,0,0,0,0,5,"batch=120, games_in_batch=5"
2025-09-03 00:25:47,20250903_002547_batch121,5,5,0,100.0,21244,2048,4892,978.4,0.069,67.39,4892,0,0,0,0,0,0,5,"batch=121, games_in_batch=5"
2025-09-03 00:26:59,20250903_002659_batch122,5,5,0,100.0,20288,2048,4728,945.6,0.074,69.79,4728,0,0,0,0,0,0,5,"batch=122, games_in_batch=5"
2025-09-03 00:28:12,20250903_002812_batch123,5,5,0,100.0,20916,2048,4871,974.2,0.07,68.62,4871,0,0,0,0,0,0,5,"batch=123, games_in_batch=5"
2025-09-03 00:29:23,20250903_002923_batch124,5,3,2,60.0,20192,2048,4267,853.4,0.073,62.37,4267,0,0,0,0,0,2,3,"batch=124, games_in_batch=5"
2025-09-03 00:30:33,20250903_003033_batch125,5,5,0,100.0,21216,2048,4810,962.0,0.067,64.34,4810,0,0,0,0,0,0,5,"batch=125, games_in_batch=5"
2025-09-03 00:31:40,20250903_003140_batch126,5,5,0,100.0,20268,2048,4762,952.4,0.067,63.73,4762,0,0,0,0,0,0,5,"batch=126, games_in_batch=5"
2025-09-03 00:33:00,20250903_003300_batch127,5,5,0,100.0,21104,2048,4822,964.4,0.075,72.42,4822,0,0,0,0,0,0,5,"batch=127, games_in_batch=5"
2025-09-03 00:34:13,20250903_003413_batch128,5,5,0,100.0,20960,2048,4810,962.0,0.072,69.41,4810,0,0,0,0,0,0,5,"batch=128, games_in_batch=5"
2025-09-03 00:35:30,20250903_003530_batch129,5,5,0,100.0,21248,2048,4878,975.6,0.072,70.14,4878,0,0,0,0,0,0,5,"batch=129, games_in_batch=5"
2025-09-03 00:36:44,20250903_003644_batch130,5,5,0,100.0,21076,2048,4861,972.2,0.071,69.3,4861,0,0,0,0,0,0,5,"batch=130, games_in_batch=5"
2025-09-03 00:37:55,20250903_003755_batch131,5,5,0,100.0,22684,2048,5022,1004.4,0.066,65.92,5022,0,0,0,0,0,0,5,"batch=131, games_in_batch=5"
2025-09-03 00:39:10,20250903_003910_batch132,5,5,0,100.0,20928,2048,4809,961.8,0.071,68.08,4809,0,0,0,0,0,0,5,"batch=132, games_in_batch=5"
2025-09-03 00:40:20,20250903_004020_batch133,5,5,0,100.0,20200,2048,4724,944.8,0.069,65.06,4724,0,0,0,0,0,0,5,"batch=133, games_in_batch=5"
2025-09-03 00:41:36,20250903_004136_batch134,5,5,0,100.0,20900,2048,4861,972.2,0.071,68.74,4861,0,0,0,0,0,0,5,"batch=134, games_in_batch=5"
2025-09-03 00:42:45,20250903_004245_batch135,5,5,0,100.0,20732,2048,4841,968.2,0.068,65.5,4841,0,0,0,0,0,0,5,"batch=135, games_in_batch=5"
2025-09-03 00:43:55,20250903_004355_batch136,5,5,0,100.0,21112,2048,4927,985.4,0.067,66.21,4927,0,0,0,0,0,0,5,"batch=136, games_in_batch=5"
2025-09-03 00:45:07,20250903_004507_batch137,5,4,1,80.0,20708,2048,4657,931.4,0.07,65.6,4657,0,0,0,0,0,1,4,"batch=137, games_in_batch=5"
2025-09-03 00:46:20,20250903_004620_batch138,5,5,0,100.0,21036,2048,4818,963.6,0.073,70.0,4818,0,0,0,0,0,0,5,"batch=138, games_in_batch=5"
2025-09-03 00:47:34,20250903_004734_batch139,5,5,0,100.0,20584,2048,4757,951.4,0.073,69.0,4757,0,0,0,0,0,0,5,"batch=139, games_in_batch=5"
2025-09-03 00:48:45,20250903_004845_batch140,5,5,0,100.0,20280,2048,4737,947.4,0.068,64.8,4737,0,0,0,0,0,0,5,"batch=140, games_in_batch=5"
2025-09-03 00:49:56,20250903_004956_batch141,5,5,0,100.0,20224,2048,4714,942.8,0.07,66.11,4714,0,0,0,0,0,0,5,"batch=141, games_in_batch=5"
2025-09-03 00:51:10,20250903_005110_batch142,5,5,0,100.0,21196,2048,4903,980.6,0.071,70.09,4903,0,0,0,0,0,0,5,"batch=142, games_in_batch=5"
2025-09-03 00:52:22,20250903_005222_batch143,5,5,0,100.0,20676,2048,4795,959.0,0.068,65.42,4795,0,0,0,0,0,0,5,"batch=143, games_in_batch=5"
2025-09-03 00:53:38,20250903_005338_batch144,5,4,1,80.0,20240,2048,4794,958.8,0.073,69.69,4794,0,0,0,0,0,1,4,"batch=144, games_in_batch=5"
2025-09-03 00:54:52,20250903_005452_batch145,5,5,0,100.0,20528,2048,4799,959.8,0.071,68.6,4799,0,0,0,0,0,0,5,"batch=145, games_in_batch=5"
2025-09-03 00:56:05,20250903_005605_batch146,5,5,0,100.0,20604,2048,4773,954.6,0.074,70.52,4773,0,0,0,0,0,0,5,"batch=146, games_in_batch=5"
2025-09-03 00:57:18,20250903_005718_batch147,5,5,0,100.0,20540,2048,4763,952.6,0.073,69.51,4763,0,0,0,0,0,0,5,"batch=147, games_in_batch=5"
2025-09-03 00:58:35,20250903_005835_batch148,5,5,0,100.0,20624,2048,4781,956.2,0.072,69.09,4781,0,0,0,0,0,0,5,"batch=148, games_in_batch=5"
2025-09-03 00:59:45,20250903_005945_batch149,5,5,0,100.0,21144,2048,4777,955.4,0.07,66.69,4777,0,0,0,0,0,0,5,"batch=149, games_in_batch=5"
2025-09-03 01:01:04,20250903_010104_batch150,5,4,1,80.0,20176,2048,4635,927.0,0.074,68.88,4635,0,0,0,0,0,1,4,"batch=150, games_in_batch=5"
2025-09-03 01:02:14,20250903_010214_batch151,5,5,0,100.0,20228,2048,4766,953.2,0.068,64.52,4766,0,0,0,0,0,0,5,"batch=151, games_in_batch=5"
2025-09-03 01:03:25,20250903_010325_batch152,5,5,0,100.0,20240,2048,4728,945.6,0.071,66.76,4728,0,0,0,0,0,0,5,"batch=152, games_in_batch=5"
2025-09-03 01:04:40,20250903_010440_batch153,5,5,0,100.0,20952,2048,4796,959.2,0.069,66.58,4796,0,0,0,0,0,0,5,"batch=153, games_in_batch=5"
2025-09-03 01:05:50,20250903_010550_batch154,5,5,0,100.0,20532,2048,4798,959.6,0.069,66.15,4798,0,0,0,0,0,0,5,"batch=154, games_in_batch=5"
2025-09-03 01:07:00,20250903_010700_batch155,5,5,0,100.0,21072,2048,4882,976.4,0.067,65.22,4882,0,0,0,0,0,0,5,"batch=155, games_in_batch=5"
2025-09-03 01:08:12,20250903_010812_batch156,5,5,0,100.0,20528,2048,4770,954.0,0.069,65.85,4770,0,0,0,0,0,0,5,"batch=156, games_in_batch=5"
2025-09-03 01:09:24,20250903_010924_batch157,5,4,1,80.0,20228,2048,4792,958.4,0.067,64.19,4792,0,0,0,0,0,1,4,"batch=157, games_in_batch=5"
2025-09-03 01:10:39,20250903_011039_batch158,5,5,0,100.0,20220,2048,4723,944.6,0.073,68.96,4723,0,0,0,0,0,0,5,"batch=158, games_in_batch=5"
2025-09-03 01:11:50,20250903_011150_batch159,5,5,0,100.0,20872,2048,4816,963.2,0.069,66.2,4816,0,0,0,0,0,0,5,"batch=159, games_in_batch=5"
2025-09-03 01:12:57,20250903_011257_batch160,5,4,1,80.0,20220,2048,4722,944.4,0.068,64.11,4722,0,0,0,0,0,1,4,"batch=160, games_in_batch=5"
2025-09-03 01:14:13,20250903_011413_batch161,5,5,0,100.0,21032,2048,4864,972.8,0.072,70.04,4864,0,0,0,0,0,0,5,"batch=161, games_in_batch=5"
2025-09-03 01:15:23,20250903_011523_batch162,5,5,0,100.0,21036,2048,4827,965.4,0.068,65.34,4827,0,0,0,0,0,0,5,"batch=162, games_in_batch=5"
2025-09-03 01:16:39,20250903_011639_batch163,5,5,0,100.0,21184,2048,4879,975.8,0.072,69.9,4879,0,0,0,0,0,0,5,"batch=163, games_in_batch=5"
2025-09-03 01:17:49,20250903_011749_batch164,5,4,1,80.0,20180,2048,4625,925.0,0.07,65.18,4625,0,0,0,0,0,1,4,"batch=164, games_in_batch=5"
2025-09-03 01:19:03,20250903_011903_batch165,5,5,0,100.0,20232,2048,4698,939.6,0.072,67.27,4698,0,0,0,0,0,0,5,"batch=165, games_in_batch=5"
2025-09-03 01:20:12,20250903_012012_batch166,5,5,0,100.0,24140,2048,4983,996.6,0.065,64.94,4983,0,0,0,0,0,0,5,"batch=166, games_in_batch=5"
2025-09-03 01:21:23,20250903_012123_batch167,5,5,0,100.0,20412,2048,4742,948.4,0.069,65.88,4742,0,0,0,0,0,0,5,"batch=167, games_in_batch=5"
2025-09-03 01:22:37,20250903_012237_batch168,5,4,1,80.0,20168,2048,4731,946.2,0.075,71.09,4731,0,0,0,0,0,1,4,"batch=168, games_in_batch=5"
2025-09-03 01:23:51,20250903_012351_batch169,5,5,0,100.0,20620,2048,4756,951.2,0.073,69.56,4756,0,0,0,0,0,0,5,"batch=169, games_in_batch=5"
2025-09-03 01:25:06,20250903_012506_batch170,5,5,0,100.0,20660,2048,4866,973.2,0.069,67.2,4866,0,0,0,0,0,0,5,"batch=170, games_in_batch=5"
2025-09-03 01:26:17,20250903_012617_batch171,5,4,1,80.0,20940,2048,4841,968.2,0.066,64.31,4841,0,0,0,0,0,1,4,"batch=171, games_in_batch=5"
2025-09-03 01:27:28,20250903_012728_batch172,5,4,1,80.0,20680,2048,4768,953.6,0.069,66.22,4768,0,0,0,0,0,1,4,"batch=172, games_in_batch=5"
2025-09-03 01:28:44,20250903_012844_batch173,5,5,0,100.0,20840,2048,4809,961.8,0.072,69.72,4809,0,0,0,0,0,0,5,"batch=173, games_in_batch=5"
2025-09-03 01:29:58,20250903_012958_batch174,5,5,0,100.0,20576,2048,4768,953.6,0.07,66.64,4768,0,0,0,0,0,0,5,"batch=174, games_in_batch=5"
2025-09-03 01:31:08,20250903_013108_batch175,5,4,1,80.0,20596,2048,4594,918.8,0.067,61.99,4594,0,0,0,0,0,1,4,"batch=175, games_in_batch=5"
2025-09-03 01:32:18,20250903_013218_batch176,5,5,0,100.0,21156,2048,4864,972.8,0.067,65.46,4864,0,0,0,0,0,0,5,"batch=176, games_in_batch=5"
2025-09-03 01:33:36,20250903_013336_batch177,5,5,0,100.0,20572,2048,4789,957.8,0.074,71.15,4789,0,0,0,0,0,0,5,"batch=177, games_in_batch=5"
2025-09-03 01:34:50,20250903_013450_batch178,5,5,0,100.0,21184,2048,4851,970.2,0.069,67.06,4851,0,0,0,0,0,0,5,"batch=178, games_in_batch=5"
2025-09-03 01:35:58,20250903_013558_batch179,5,4,1,80.0,20556,2048,4765,953.0,0.068,64.91,4765,0,0,0,0,0,1,4,"batch=179, games_in_batch=5"
2025-09-03 01:37:17,20250903_013717_batch180,5,5,0,100.0,20596,2048,4759,951.8,0.074,70.83,4759,0,0,0,0,0,0,5,"batch=180, games_in_batch=5"
2025-09-03 01:38:27,20250903_013827_batch181,5,5,0,100.0,20568,2048,4770,954.0,0.067,64.36,4770,0,0,0,0,0,0,5,"batch=181, games_in_batch=5"
2025-09-03 01:39:37,20250903_013937_batch182,5,4,1,80.0,20172,2048,4457,891.4,0.071,63.1,4457,0,0,0,0,0,1,4,"batch=182, games_in_batch=5"
2025-09-03 01:40:51,20250903_014051_batch183,5,5,0,100.0,20568,2048,4772,954.4,0.073,69.69,4772,0,0,0,0,0,0,5,"batch=183, games_in_batch=5"
2025-09-03 01:42:04,20250903_014204_batch184,5,4,1,80.0,20456,2048,4739,947.8,0.073,69.49,4739,0,0,0,0,0,1,4,"batch=184, games_in_batch=5"
2025-09-03 01:43:22,20250903_014322_batch185,5,5,0,100.0,20624,2048,4792,958.4,0.078,74.51,4792,0,0,0,0,0,0,5,"batch=185, games_in_batch=5"
2025-09-03 01:44:35,20250903_014435_batch186,5,4,1,80.0,20296,2048,4281,856.2,0.074,63.2,4281,0,0,0,0,1,0,4,"batch=186, games_in_batch=5"
2025-09-03 01:45:46,20250903_014546_batch187,5,5,0,100.0,20804,2048,4801,960.2,0.07,66.84,4801,0,0,0,0,0,0,5,"batch=187, games_in_batch=5"
2025-09-03 01:47:02,20250903_014702_batch188,5,5,0,100.0,20528,2048,4735,947.0,0.074,70.32,4735,0,0,0,0,0,0,5,"batch=188, games_in_batch=5"
2025-09-03 01:48:15,20250903_014815_batch189,5,5,0,100.0,20332,2048,4759,951.8,0.073,69.93,4759,0,0,0,0,0,0,5,"batch=189, games_in_batch=5"
2025-09-03 01:49:29,20250903_014929_batch190,5,5,0,100.0,20320,2048,4733,946.6,0.073,69.53,4733,0,0,0,0,0,0,5,"batch=190, games_in_batch=5"
2025-09-03 01:50:43,20250903_015043_batch191,5,5,0,100.0,20220,2048,4743,948.6,0.076,72.58,4743,0,0,0,0,0,0,5,"batch=191, games_in_batch=5"
2025-09-03 01:51:58,20250903_015158_batch192,5,5,0,100.0,21068,2048,4817,963.4,0.072,69.17,4817,0,0,0,0,0,0,5,"batch=192, games_in_batch=5"
2025-09-03 01:53:09,20250903_015309_batch193,5,4,1,80.0,21004,2048,4995,999.0,0.067,67.42,4995,0,0,0,0,0,1,4,"batch=193, games_in_batch=5"
2025-09-03 01:54:19,20250903_015419_batch194,5,4,1,80.0,20944,2048,4523,904.6,0.068,61.72,4523,0,0,0,0,0,1,4,"batch=194, games_in_batch=5"
2025-09-03 01:55:34,20250903_015534_batch195,5,4,1,80.0,20288,2048,4760,952.0,0.074,70.93,4760,0,0,0,0,0,1,4,"batch=195, games_in_batch=5"
2025-09-03 01:56:52,20250903_015652_batch196,5,5,0,100.0,20992,2048,4861,972.2,0.075,72.85,4861,0,0,0,0,0,0,5,"batch=196, games_in_batch=5"
2025-09-03 01:58:06,20250903_015806_batch197,5,5,0,100.0,20204,2048,4734,946.8,0.073,68.71,4734,0,0,0,0,0,0,5,"batch=197, games_in_batch=5"
2025-09-03 01:59:16,20250903_015916_batch198,5,5,0,100.0,20508,2048,4794,958.8,0.07,67.13,4794,0,0,0,0,0,0,5,"batch=198, games_in_batch=5"
2025-09-03 02:00:32,20250903_020032_batch199,5,4,1,80.0,20224,2048,4661,932.2,0.072,67.57,4661,0,0,0,0,0,1,4,"batch=199, games_in_batch=5"
2025-09-03 02:01:44,20250903_020144_batch200,5,5,0,100.0,20200,2048,4721,944.2,0.069,65.35,4721,0,0,0,0,0,0,5,"batch=200, games_in_batch=5"